address,throughput[MB/s]
100.24.168.190,0.28298645466666666
101.100.213.20,0.285418528
101.53.153.165,1.429328453
103.1.193.28,0.282004226
103.1.195.88,0.16759575866666665
103.11.191.170,0.165940523
103.112.147.201,0.61663991
103.16.74.251,0.20084892699999998
103.221.255.108,0.119024856
103.221.255.109,0.17341341
103.230.104.219,0.16295375425
103.230.234.25,0.08851437300000001
103.244.230.117,0.16257449300000001
103.244.230.120,0.10904524475000003
103.28.121.60,0.076290757
103.48.16.233,0.259237862
103.48.16.240,0.089727212
103.48.16.30,0.20348003799999997
103.48.16.54,0.12053658199999999
103.48.17.170,0.265804808
103.48.17.175,0.1991532535
103.48.17.19,0.18420171300000002
103.48.17.20,0.249347483
103.48.18.15,0.21795684245000002
103.48.18.16,0.1979643840909091
103.79.117.76,0.0177660665
103.83.38.226,0.7986632427647058
103.95.38.134,0.112801662
103.99.43.7,0.2087816751785714
103.99.43.9,0.10765769675000002
104.123.90.4,10.3916818325
104.123.92.229,1.1619955677272726
104.154.235.115,0.6694142845
104.16.112.239,0.5026406845
104.16.155.131,1.206760279
104.16.238.26,0.536616668
104.16.26.83,3.145797533
104.17.12.38,0.8466217429999999
104.17.130.45,4.325549304
104.17.29.64,7.092358998
104.18.1.106,3.949504003
104.18.122.106,5.00601889
104.18.183.8,9.790730522999999
104.18.35.1,1.5297475040000001
104.18.36.234,0.10237692400000001
104.18.39.123,0.6753882440000001
104.18.4.121,0.667664731
104.18.46.66,4.43912245
104.18.48.127,0.089752027
104.18.54.13,0.671300667
104.18.58.127,0.134984675
104.18.61.67,1.211368761
104.18.7.246,2.1062042780000003
104.18.94.239,0.156527372
104.19.152.106,4.466197699846154
104.19.252.70,2.455800025
104.193.172.166,0.18097515600000003
104.196.186.100,0.38797123349999996
104.196.70.1,1.333183459
104.199.17.134,0.687599622
104.20.100.77,0.8026089740000001
104.20.136.130,0.038576939
104.20.15.101,0.078791118
104.20.161.154,0.675014225
104.20.181.102,1.091120811
104.20.194.42,1.3587618730000002
104.20.195.42,1.1485132466666668
104.20.23.161,5.3628959681333335
104.20.25.18,5.400158342
104.20.28.59,0.44218356200000003
104.20.36.110,0.53455241
104.20.58.109,0.64522625
104.20.67.131,4.694049927
104.20.82.224,0.6390469593333333
104.20.86.77,0.540703723
104.20.89.162,2.20260276
104.207.128.102,0.876921408
104.208.244.85,0.23657151151851852
104.22.0.86,5.347013417666667
104.22.12.128,0.40621728100000004
104.22.58.155,1.6045526469999998
104.23.133.17,0.19152682399999998
104.232.38.112,0.405527565
104.236.194.166,0.237829997
104.238.111.218,0.270276394
104.238.71.250,0.6866141590000001
104.24.107.191,0.514559682
104.24.111.11,0.784025289
104.24.111.3,1.723905969
104.24.125.152,0.127697502
104.24.7.31,1.164176624
104.244.124.24,0.107578246
104.248.132.114,0.784916485
104.248.165.163,5.658111855
104.248.27.69,2.223056665
104.25.216.32,1.902810745
104.25.217.32,1.0844239313333335
104.26.0.174,0.6677385363333332
104.26.1.62,0.222686157
104.26.10.56,0.134130789
104.26.12.188,0.877906794
104.26.12.5,6.576372704
104.26.15.13,7.6090530439999995
104.26.2.183,0.078385117
104.26.3.97,2.524648637
104.26.6.157,2.6779929119999997
104.27.128.240,0.07343493599999999
104.27.142.83,1.727084922
104.27.147.245,0.470263575
104.27.158.83,2.829973631
104.27.159.18,0.356636666
104.27.164.244,1.427565528
104.27.165.160,6.009895345
104.27.182.185,6.0938416056
104.27.184.115,10.5950406
104.27.185.214,0.9211975609999999
104.27.187.160,0.5099511465
104.27.191.62,0.035032957
104.28.11.97,1.4866388966666666
104.28.12.147,0.486225398
104.28.15.227,0.96438143
104.28.25.174,0.728602888
104.28.26.86,1.469744895
104.28.26.93,2.9377576739999998
104.28.27.121,0.334670802
104.28.3.77,0.323609339
104.28.6.252,3.6821042075
104.31.67.73,0.222532273
104.31.69.59,0.129101989
104.31.92.140,0.38053859799999995
104.31.92.182,0.402154581
104.47.137.196,0.586248705
104.68.172.254,1.90860155925
104.78.176.128,5.728777253
104.82.112.128,2.5846095426666666
104.84.244.188,2.179884750666667
104.84.249.243,0.18899006499999998
104.84.255.11,1.3269175770000001
104.84.255.118,2.31626741
104.86.111.18,0.71030473
104.86.111.32,0.038300467000000005
104.86.143.63,0.2754351445
104.89.75.190,3.4400333087500004
104.89.80.149,1.057978164
104.89.82.216,1.474216652
104.94.10.44,0.944743872
104.97.154.231,3.5327178937142856
107.151.6.226,0.330625295
107.161.181.194,0.232716431
107.162.132.20,0.12061433449999999
107.170.122.121,0.139858364
107.180.26.91,0.034398407
107.180.3.155,3.2041482400681827
107.180.3.167,0.011895474
107.180.92.246,0.020504105
107.190.136.210,0.644650309
107.23.44.1,0.5786836595
108.128.173.154,0.824811623
108.167.160.54,0.420335876
108.179.226.189,0.040108892
109.123.193.104,0.359091494
109.123.222.153,6.253923
109.199.119.165,0.071284899
109.205.44.19,0.4038045206666667
109.205.44.7,1.404654261
109.205.73.51,1.1032915890000001
109.228.56.81,3.9152202189999996
109.234.165.42,0.589877134
109.237.134.30,9.534856634
109.239.49.42,1.38496377
109.70.165.247,0.346712012
109.71.40.99,0.11168561600000002
109.71.43.196,0.414039718
109.75.187.133,0.642155575
110.173.134.78,0.078818746
111.89.144.138,0.110930256
115.127.80.42,0.10272990800000001
116.203.6.177,1.361574775
117.53.167.49,0.13111218800000002
119.75.229.97,0.15433716150000001
122.11.186.168,0.365941516
122.152.164.133,0.105789143
123.49.47.11,0.14851564
123.49.47.13,0.14934994699999998
123.49.47.14,0.068659474
123.49.47.7,0.074911496
123.49.47.8,0.19857540699999998
123.49.47.9,0.08936624900000001
124.108.27.57,0.10791923733333335
124.108.30.31,0.0847756008
124.108.30.39,0.2263331349230769
124.108.31.205,0.06153261166666666
128.0.75.219,0.808720302
128.100.216.26,0.26942110199999997
128.100.72.105,0.053542507
128.178.222.197,3.66112753
128.199.255.53,0.442023134
128.214.166.78,0.509945203
128.214.171.161,1.078364048
128.214.189.90,0.37200560299999996
128.214.205.103,1.258892843
128.214.223.150,1.51436491425
128.214.223.250,1.526688992
128.65.195.14,3.773366123
128.65.195.23,5.153240696
128.65.195.7,1.669744913
129.12.10.249,2.3944644345
129.128.12.88,0.066652218
129.132.119.195,2.195449442857143
129.132.144.20,2.979114244
129.132.145.102,3.3428255195
129.132.19.216,2.305886437875
129.132.207.220,1.071578935
129.132.207.50,1.8743342365
129.132.207.74,3.286112609
129.132.80.25,1.0664425579999999
129.132.85.12,1.2506747059999999
129.132.85.17,0.619294487
129.142.32.93,0.49283536299999997
129.187.111.141,1.996442379
129.187.254.227,0.224190647
129.194.190.110,5.096397206000001
129.194.6.50,1.3675505156666665
129.194.7.83,5.303552131
129.206.13.27,0.15471676199999998
129.27.142.24,2.832637203
129.67.242.154,3.7490702525
129.71.2.72,0.278115608
129.97.140.120,0.520893217
129.97.50.135,0.177745985
13.107.246.10,1.3227754095
13.113.163.170,0.615730501
13.224.130.101,2.382728959
13.224.227.123,10.71328739
13.224.227.32,2.500666715
13.224.227.36,5.718801173999999
13.224.227.40,4.0421234219999995
13.224.227.47,9.334575218
13.224.227.5,3.0030143945
13.224.227.57,3.0705518315000004
13.224.227.59,14.86649872
13.224.227.62,10.50273406
13.224.227.71,4.338647654666667
13.224.227.97,5.7330794595
13.224.239.101,0.2408651825
13.224.239.106,0.36329272700000004
13.224.239.11,0.2481347376666667
13.224.239.117,0.31095449649999996
13.224.239.119,0.329469599
13.224.239.12,0.298341445
13.224.239.2,0.304258001
13.224.239.20,0.268564344
13.224.239.22,0.325563741
13.224.239.31,0.278805372
13.224.239.38,1.195214199
13.224.239.39,0.3103423948571428
13.224.239.43,0.326972475
13.224.239.46,0.345124647
13.224.239.48,0.219622879
13.224.239.61,0.153509554
13.224.239.64,0.059977345999999994
13.224.239.65,4.289275705
13.224.239.68,0.283726136
13.224.239.7,0.18247011800000001
13.224.239.74,0.080230297
13.224.239.77,0.12814761
13.224.239.84,1.6850252625
13.224.239.85,0.18575608100000002
13.224.239.87,2.28039494
13.224.239.90,8.940051127076924
13.227.170.43,1.9808865334999999
13.227.170.64,3.0278176610000003
13.232.145.65,0.3866808333333333
13.48.228.8,0.445853393
13.54.136.75,0.167405144
13.70.186.162,0.261400462
13.92.28.25,0.17496019562499998
13.94.143.57,0.580823054
130.104.204.134,6.200350672000001
130.104.6.172,2.8513183165
130.113.218.75,1.9181725580000002
130.113.48.15,0.38748547299999997
130.149.7.204,0.6613312570000001
130.179.16.50,0.265402436
130.179.17.65,0.401625068
130.209.16.90,1.689959156
130.211.126.18,2.0607190975
130.223.168.140,2.17362618
130.223.27.54,0.320822865
130.225.156.88,0.432652224
130.225.195.36,0.41600469100000004
130.225.198.41,0.398116565
130.225.68.4,3.2299583846666664
130.226.12.119,0.605263756
130.226.12.60,3.796979225
130.226.13.22,1.1209967109999999
130.226.14.83,1.4937780845000002
130.226.237.173,2.2859730825
130.230.137.195,0.899833532
130.230.162.40,2.418096825
130.231.10.10,0.477483902
130.231.141.85,3.0630962134999997
130.231.61.28,0.668717464
130.232.212.44,1.856088258
130.233.240.31,3.0717952239999997
130.233.240.38,1.638128363
130.233.248.84,1.256065982
130.60.184.132,2.1602692486
130.63.236.137,0.3229360683333333
130.82.40.119,3.8956990025
130.83.47.181,1.8280388840000001
130.92.184.211,5.1674782939999995
130.92.250.6,8.003998278
131.130.70.29,1.0166805858571428
131.152.227.123,0.740041871
131.159.39.228,1.509800927
131.159.44.2,1.344284228
131.159.68.44,1.865937033
131.207.14.19,0.6367455628888888
131.207.15.64,0.920929219
131.207.23.130,0.4231461603333333
131.207.23.133,0.71190800975
131.246.195.183,1.537301204
131.72.236.13,0.09739502400000001
132.148.255.140,0.432984971
132.148.35.173,0.47153203462500004
132.180.7.144,0.12299919699999999
132.206.3.110,0.24026120199999998
132.216.177.160,0.2946393085
132.221.56.52,1.328817344
132.230.7.3,4.720752499
132.252.181.87,0.515028826
134.0.62.114,0.217714595
134.100.172.12,6.977294907999999
134.102.200.12,5.102233791000001
134.109.226.8,1.544139252
134.117.56.5,0.302668258
134.119.246.195,6.75084546
134.119.248.40,8.802828029
134.153.24.18,0.42621761799999996
134.157.37.14,1.445893046
134.17.5.230,1.196026053
134.184.129.3,1.4724708290000001
134.184.25.75,4.813177383
134.2.5.97,3.522697354
134.21.213.186,3.235626422333333
134.246.142.39,1.903646251
134.34.240.75,4.755909412
134.58.64.12,4.762580902
134.58.64.14,1.372632296
134.58.64.161,7.011888171
134.58.64.2,0.362262264
134.58.64.20,4.474287715
134.58.64.25,1.3126878020000001
134.58.64.58,6.3933528079999995
134.7.35.160,0.063040921
134.76.18.141,2.3545135474000003
134.76.19.87,2.7997982560000003
134.76.31.205,0.994372747
134.76.9.11,0.38116093
136.144.214.66,2.1367946780000002
136.159.208.96,0.31518161850000004
136.234.188.28,0.109208656
136.234.51.63,0.103668102
136.243.120.221,6.357359452000001
136.243.171.201,0.14335913666666666
136.243.226.218,1.341205448
136.243.34.160,2.270688422
136.243.8.130,0.43916793
137.108.200.90,1.017961457
137.117.227.61,0.5437051454999999
137.122.87.226,0.414027776
137.132.165.239,0.109235536
137.132.243.10,0.266196478
137.132.5.60,0.072524965
137.132.69.171,0.0959260565
137.132.69.249,0.10489597
137.163.136.41,1.4314274415000001
137.82.36.73,0.09307983350000001
138.1.80.69,1.6617705743333333
138.201.65.224,1.3476191195
138.48.5.74,2.2651285690000003
139.165.41.142,3.302079309
139.165.41.5,4.031477281
139.165.57.131,3.7988539125000003
139.165.57.140,1.656313301
139.174.32.7,5.903802497999999
139.18.10.1,3.2232858255
141.0.201.250,1.17866457
141.14.156.30,3.137871845
141.201.80.26,0.17862325199999998
141.243.20.101,0.069765435
141.39.229.90,1.77323783
141.42.206.113,0.430669643
141.44.204.11,0.267697321
141.66.194.8,0.264219165
141.84.11.20,0.36316187
141.89.48.71,0.8182586279999999
141.96.1.8,1.076374364
142.104.197.50,0.2035059095
142.109.1.79,0.297021549
142.229.225.44,0.10487052466666667
142.229.227.107,0.513781814
142.229.234.145,0.43184742253333336
142.229.246.117,0.38294973299999996
142.236.70.114,0.208600144
142.34.139.158,0.18729025
142.34.208.221,0.16328647271428573
142.34.51.1,0.17972969885714285
142.44.164.192,0.77179077
142.44.219.196,0.5835550970000001
142.58.228.150,0.1062478835
142.61.0.43,0.48792755649999997
142.75.67.27,0.9153498365
142.93.172.150,0.557090251
142.93.184.30,0.046475185
143.129.75.1,1.3459848019999998
143.167.2.102,6.973297335
143.51.252.235,0.309086863
143.95.156.174,0.415214226
143.95.237.92,0.28750818300000003
144.120.144.20,0.1022856322
144.120.144.22,0.120627259
144.120.32.10,0.08678844366666666
144.120.32.107,0.17663450333333333
144.120.8.2,0.1878239605
144.208.75.174,0.11477129900000001
144.217.39.254,0.45075774399999996
144.76.59.84,0.985931742
145.232.192.197,1.2622548725
146.155.122.248,0.315070132
146.155.21.4,0.5005929365
146.155.4.82,0.20100585399999998
146.155.46.10,0.420115732
146.155.47.2,0.7346564990000001
146.155.94.41,0.275371995
146.179.40.148,2.1851581185
146.66.113.243,0.164181198
146.83.150.226,0.210723088
146.83.30.8,0.213705571
147.14.11.113,0.726584923
147.188.217.87,1.281625462
147.228.90.33,0.421810487
147.229.71.31,1.982920913
147.231.39.3,1.5367113980000002
147.251.128.210,1.3608305530000002
147.251.192.7,0.998797615
147.251.49.10,3.182969591
147.251.81.50,2.046810863
147.29.29.234,0.255285815
147.32.102.224,0.43276609200000005
147.32.128.180,1.5597035469999998
147.32.130.71,2.420033629
147.32.140.36,1.6301899055
147.32.160.15,4.708801698
147.32.193.59,0.739047178
147.32.3.96,2.747333392
147.33.15.10,4.746591387
147.78.65.203,0.42144264600000003
148.163.99.3,0.471685807
148.66.138.139,0.24891058409090913
148.72.3.137,0.5295599879999999
149.126.4.19,3.043073694
149.126.4.27,5.3274187535
149.126.6.116,1.0025377979999999
149.126.6.121,0.8498514614999999
149.126.6.25,2.695964665
149.126.74.191,2.9041398285714286
149.126.74.193,0.3064899406666667
149.13.94.16,0.965976849
149.202.24.154,1.30860046
149.202.3.10,1.6597182719999999
149.202.99.188,6.9383939329999995
149.217.72.7,4.512334431
149.56.17.122,0.251299902
151.101.129.180,0.929658792
151.101.16.155,1.231884271
151.101.17.126,1.6969019344999998
151.101.2.133,0.7579870759999999
151.101.65.180,1.8852275809999999
151.111.142.5,0.39418278625000003
151.139.245.17,0.6075122150000001
151.80.52.233,2.0065394896
151.80.61.109,2.852239857
152.115.60.56,0.368040023
152.195.133.181,4.714379653
152.199.19.183,3.1028330619999998
152.199.19.61,0.628173571
152.199.20.7,6.6124163238
152.199.21.175,2.272771693
152.74.16.15,0.27202805350000003
152.91.53.202,0.270449459
153.107.134.92,0.033223137
153.128.38.238,0.23712780133333333
153.97.4.253,0.430550456
155.69.7.158,0.252622313
156.98.150.11,0.254962227
156.98.19.106,0.22676124425
156.98.78.180,0.10312766766666666
157.164.185.94,0.926676794
157.193.135.59,9.2634422965
157.193.230.39,2.430919776
157.193.230.63,9.407779411
157.253.237.242,0.358275962
157.7.107.106,0.32911395675
157.7.107.126,0.161083127
157.7.107.143,0.123222015
157.7.107.82,0.255798487
157.7.188.97,0.10007426300000001
158.143.148.46,3.624775423
158.156.182.22,1.234963845
158.170.64.110,0.039027328
158.251.8.137,0.201214788
158.69.202.137,0.729107762
159.121.138.140,0.053386471
159.121.138.144,0.085143455
159.121.138.146,0.2846017175
159.203.76.135,1.605045215
159.247.4.126,0.5699850870000001
159.69.224.43,2.685967105
159.84.143.120,3.1993933689999996
159.86.183.76,0.22448406199999998
160.153.129.227,0.134846646
160.217.96.2,1.35799225
160.238.212.65,0.226871498
160.45.117.196,3.69551913
160.45.170.14,0.7271388870000001
160.83.8.144,1.4083654630000002
160.85.104.72,0.747924027
160.92.25.252,5.5722597490000005
160.92.27.29,2.797274274
162.144.130.139,0.094817569
162.144.132.98,0.1053603455
162.144.2.53,0.204881145
162.144.26.105,0.45948740925
162.159.135.86,1.3344596065999998
162.214.27.54,0.17318077566666668
162.215.249.18,0.143731609
162.222.226.70,0.3067627381304348
162.23.128.199,1.6925744673333334
162.23.128.232,0.165792194
162.241.218.58,0.273830576625
162.241.24.176,0.12855667099999998
162.241.27.236,0.20321173233333334
162.241.27.245,0.20680793814285714
162.251.80.13,0.21729489566666668
162.251.80.21,0.13841760000000003
163.1.69.2,0.31916536
163.116.0.61,3.7616081230000002
163.171.133.124,0.795549141
163.191.135.65,0.3639660346666667
163.191.195.194,0.17277615899999998
163.247.124.110,0.08996521699999999
163.247.129.6,0.149704946
163.247.172.147,0.217669191
163.247.175.147,0.080831765
163.247.40.40,0.11790586175000001
163.247.44.115,0.372029355
163.247.45.21,0.275711201
163.247.45.26,0.189123021
163.247.46.104,0.213151025
163.247.46.3,0.113510399
163.247.48.44,0.13758963
163.247.48.46,0.100156964
163.247.51.115,0.19962598
163.247.51.154,0.479472539
163.247.52.17,0.09536019666666666
163.247.53.142,0.035281577
163.247.55.37,0.055132794000000006
163.247.78.20,0.6166983079999999
163.247.80.21,0.377959593
164.132.106.111,0.570435155
164.132.2.19,0.92203115
164.132.235.17,7.8186397105
164.134.2.40,2.1607132705
164.138.217.79,2.263899806
164.138.218.209,2.447081115
164.138.218.50,0.423869841
164.138.219.33,0.9447030516666667
164.138.219.45,5.784619316000001
164.138.220.124,1.5701434795000002
164.154.226.12,0.28240485
164.156.124.85,0.377726009
164.156.90.47,0.983996110888889
164.177.144.160,3.548484611
164.51.187.148,0.097541129
164.97.249.143,0.03672409542857143
165.127.200.178,0.3082241903333333
165.127.77.135,0.173922087
165.206.254.134,0.748483913
165.22.84.161,2.330152703
165.227.229.15,3.7913839005
166.62.10.188,0.31542017800000005
166.62.112.193,0.192678641
166.67.66.120,0.082293785
167.172.109.148,1.232993367
167.249.43.6,0.15700720699999998
167.44.7.21,0.328468388
167.71.39.112,2.3226202344999995
168.176.102.7,0.251696873
168.176.236.8,0.12829903199999998
168.197.68.74,0.14458563800000002
168.216.25.80,0.227649972
168.228.108.5,0.222277198
168.44.248.53,0.19739451100000002
168.44.251.92,0.097230006
168.58.230.238,0.10410911699999999
169.239.77.178,0.288538518
170.239.84.210,0.21885686399999998
170.245.35.119,0.104161503
170.254.228.238,0.147898478
170.82.40.67,0.504885049
170.99.221.36,0.10235668
172.104.189.126,0.10183244400000001
173.208.215.109,3.0203430355
173.248.55.39,0.211637975
173.249.57.113,1.05096763
173.254.28.225,0.39733029200000003
174.143.185.86,0.324914465
176.116.144.13,0.514727079
176.32.230.42,0.29693423399999996
176.57.209.6,6.050531051
176.62.162.4,2.0541400480000003
176.62.168.33,9.022845887999999
176.62.169.144,3.158941478
176.62.169.46,2.290552728
176.62.173.138,3.958024343
178.124.130.199,0.361929192
178.124.138.167,0.5751003749999999
178.124.138.69,2.51241870775
178.124.138.81,1.110271426
178.124.139.203,1.053924574
178.124.167.126,0.5228573320000001
178.128.206.72,0.36838963700000005
178.134.199.3,0.289243053
178.159.240.12,1.268328345
178.159.240.167,0.9377205985
178.159.242.91,0.492783736
178.159.243.85,0.842883046
178.159.244.120,0.616048387
178.159.244.223,0.4485563194
178.159.245.124,1.264623656
178.159.245.31,0.80612936
178.159.247.244,0.504198206
178.159.45.83,2.334336511
178.159.46.100,2.4736802335
178.159.46.147,0.6340107220000001
178.159.47.198,0.54489666
178.172.136.58,1.3535481669999998
178.172.163.195,0.986837159
178.172.163.26,0.21263062100000002
178.172.173.227,0.40115289200000004
178.172.181.65,1.2683838436666666
178.172.201.67,0.50204136
178.20.216.37,0.8234512159999999
178.209.56.226,1.011814491
178.238.32.243,2.165868908
178.238.35.100,0.462688219
178.248.165.254,2.5802579380333337
178.250.24.99,0.388110752
178.32.21.58,1.6945264580000001
178.32.47.222,3.705266998
178.62.107.222,2.240240306
178.63.62.47,3.339304976
178.63.98.105,0.210443927
179.1.80.110,0.066495326
18.138.144.218,0.2718292316
18.184.250.11,0.59359887
18.188.121.177,0.152720215
18.194.54.75,2.8479920235000002
180.179.131.49,0.22382346399999997
180.211.137.3,0.2148719506
180.211.213.111,0.611506899
181.115.148.243,0.200237109
181.115.186.90,0.178305819
181.115.188.123,0.054199742
181.115.188.140,0.27885202800000003
181.115.188.157,0.667991886
181.115.190.4,0.211566437
181.191.68.14,0.12076804299999999
181.191.68.18,0.42816857799999997
181.191.69.18,0.259244796
181.191.70.18,0.35138593199999996
181.225.68.137,0.181857734
181.49.188.46,0.107236618
181.49.249.24,0.177054883
183.181.90.71,0.58498624
184.106.55.101,0.218062203
184.106.55.135,0.33875297
184.106.55.65,0.6134199964999999
184.106.55.85,0.8184202770000001
184.154.73.76,0.834657621
184.87.185.192,4.141632267
184.87.185.92,4.823832445
185.100.180.107,0.5325998262
185.101.158.18,0.902145834
185.101.158.52,0.296801842
185.115.138.190,0.5513051465
185.117.168.62,1.704885765
185.119.173.119,4.495055032
185.138.142.181,2.353619263
185.147.24.3,0.847355675
185.15.244.121,0.868816404
185.153.153.44,1.415253
185.153.154.19,2.2024540713999996
185.16.182.221,0.42872438399999996
185.161.172.243,1.4657717630000002
185.162.30.106,2.925070832
185.162.30.138,1.128988149
185.162.31.100,2.935348688
185.163.200.14,0.26224537
185.163.200.19,0.125713562
185.163.200.25,0.5346588170000001
185.163.200.26,0.494068579
185.17.141.131,1.316140326
185.17.215.168,0.838039917
185.175.85.74,0.148826229
185.176.138.133,4.739661614
185.178.174.220,1.741204038
185.178.193.53,0.461625121
185.179.82.175,1.5227847280000002
185.179.83.21,2.1898424380000003
185.179.83.79,2.3599933109999998
185.18.139.166,0.814886241
185.18.29.12,1.540244524
185.18.9.13,5.133769005
185.182.59.22,1.6514354359999999
185.188.170.101,4.212211915
185.192.12.195,0.8960091815
185.195.136.20,1.7000788530000002
185.2.54.210,0.885489781
185.200.168.102,0.703778881
185.21.40.164,0.481831719
185.21.40.94,0.491379057
185.21.41.171,3.837335883
185.21.41.28,3.8245145380000003
185.21.41.86,1.4932073343333334
185.21.42.26,0.061761366
185.224.75.5,0.299797474
185.227.96.82,0.7381559560000001
185.24.185.187,0.147763536
185.24.186.141,0.9891811685
185.247.61.225,0.18011786899999999
185.26.122.59,2.3355607309999997
185.26.49.23,2.930601516
185.26.49.31,0.47609829299999995
185.27.133.22,2.911733002
185.28.102.58,5.3992952789999995
185.28.193.41,0.25996500899999997
185.29.102.43,0.232129118
185.3.217.30,0.308248896
185.31.76.108,4.244523494
185.31.79.94,0.67802132
185.34.192.119,0.7447618477272727
185.34.219.35,0.9529446970000001
185.35.28.68,0.161303712
185.39.104.87,0.65242205
185.40.46.10,2.503698574
185.44.15.196,0.371052789
185.44.15.200,0.29679662900000003
185.45.20.48,1.1523601270000001
185.45.66.150,1.46273967
185.45.66.155,0.8399237540000001
185.45.66.159,2.567733306
185.45.67.120,1.950801554
185.49.16.164,0.12433925
185.51.117.134,2.240566289
185.52.172.85,3.8104285960000004
185.52.81.25,0.15214457114285712
185.53.100.173,3.612881909
185.53.100.237,0.08525289300000001
185.53.100.251,0.5223711289999999
185.58.213.116,0.271850414
185.58.214.102,4.626365955
185.59.116.51,0.8743503229999999
185.59.208.137,0.98019844
185.6.180.242,0.8004917359999999
185.61.152.49,3.2512780634
185.61.153.79,9.832602649
185.64.219.7,1.539367062
185.64.253.1,0.3849251922222222
185.66.68.30,0.767706236
185.66.69.200,0.20427356
185.80.1.27,0.951525615
185.80.3.232,2.080405664
185.81.92.9,2.01774419
185.9.219.46,1.638567009
185.93.212.33,0.284328774
186.112.156.13,0.11205922309090907
186.121.204.187,0.23915541899999998
186.155.244.59,1.106474629
186.155.29.40,0.15614418300000002
186.28.225.41,0.13525604800000002
186.31.104.171,0.434055183
186.33.219.98,0.081671862
186.64.116.65,0.074485568
186.64.117.245,0.114716642
186.64.118.45,0.19594788100000002
186.65.76.97,0.293183888
186.67.109.181,0.284328175
188.127.229.62,0.34227163299999996
188.130.25.202,1.216658389
188.165.196.202,1.4176186880000001
188.165.249.112,3.1620977087499997
188.165.253.54,1.3496917685
188.165.54.213,3.651680393
188.184.20.19,2.718001369
188.184.3.51,3.2089268029999998
188.184.36.172,0.47805068700000003
188.184.52.88,0.39322955
188.184.67.205,5.897421049
188.246.184.55,0.760259378
188.40.137.224,2.15987951
188.40.29.43,1.582381506
188.40.30.16,2.52157555175
188.40.30.78,0.5835518129999999
188.44.50.122,1.184968248
188.64.154.220,1.9405929805
188.64.157.250,1.5217668176666665
188.64.159.227,0.8971560396666667
188.93.155.201,0.7341531945
188.93.90.245,0.3331709865
188.93.90.66,0.23447474899999998
188.93.95.68,0.3284881945
188.93.95.99,0.790688281
188.94.26.162,0.7192596354999999
190.104.29.251,0.2645471692222222
190.107.21.5,0.23766912899999998
190.11.83.160,0.36854376299999997
190.110.123.222,0.081766988
190.121.136.132,0.22533788100000002
190.129.69.198,0.10901949699999999
190.129.72.228,0.069042014
190.129.72.91,0.16521107299999999
190.129.72.92,0.178470462
190.129.78.147,0.35239601616666666
190.129.79.252,0.033206086
190.129.90.38,0.091470121
190.14.127.80,0.14928564175
190.143.117.132,0.13063297699999998
190.144.149.227,0.38037486066666665
190.144.162.49,0.082767785
190.151.20.248,0.391764126
190.151.62.178,0.11785140300000001
190.171.169.78,0.3135991125
190.181.13.100,0.1851327495
190.181.63.163,0.24274929199999998
190.196.156.178,0.16422754774999998
190.197.46.134,0.07166441650000001
190.210.98.13,0.019054133
190.216.151.210,0.49838308600000003
190.25.230.149,0.142857931
190.255.40.75,0.621462427
190.61.4.74,0.170902136
190.8.176.100,0.499538177
190.98.198.250,0.033240199
190.98.205.180,0.060847961
190.98.220.67,0.197759756
191.6.207.131,0.032031995
192.0.78.167,0.178919945
192.102.162.236,4.828417993
192.124.249.120,0.67612125775
192.124.249.3,6.834634519
192.124.27.133,1.10307282
192.163.194.80,0.21046861
192.166.196.146,1.58428622
192.185.129.218,0.07205693099999999
192.185.129.252,0.142357657
192.185.129.71,0.2063835
192.185.136.75,0.298960026
192.185.35.254,0.10423752300000001
192.185.36.127,0.12987257
192.185.39.62,0.24860667533333336
192.185.56.87,0.168328543
192.197.205.228,0.5643865625
192.241.255.244,2.0573878715
192.249.124.41,0.61548362
192.249.126.25,0.156758042
192.254.143.98,0.11784682000000002
192.254.236.138,0.39826631100000004
192.38.52.15,2.170342491
192.38.87.45,2.7358581053333335
192.80.24.11,0.16283166699999999
192.81.212.11,0.390868069
192.99.63.101,3.1017793295000002
193.104.202.179,1.593115464
193.105.148.12,1.3235398485
193.105.148.14,0.096876084
193.107.69.123,0.7520370666
193.109.246.150,0.6793030215
193.109.247.233,1.6655150969999999
193.109.247.248,0.7902716040000001
193.109.247.250,0.463241804
193.109.54.101,1.01572161575
193.109.95.146,1.3913135369999998
193.111.255.11,0.977037229
193.134.202.3,1.468681004
193.135.58.104,1.3154904205000002
193.135.58.21,0.500649555
193.135.58.34,0.8710812259999999
193.138.101.119,0.5475727810000001
193.150.24.138,1.0594229926666667
193.166.120.2,0.729287391
193.166.253.172,0.76459457375
193.167.100.88,0.456836013
193.167.191.72,0.49150241299999997
193.167.241.9,0.614294793
193.167.71.207,0.9384199059999999
193.174.240.199,2.3688563548000006
193.174.3.47,1.2518787390000001
193.178.166.74,2.740471621
193.19.174.36,1.143757336
193.19.174.42,2.3588594905
193.190.112.138,3.15088904
193.190.139.71,4.162132612
193.190.225.102,1.484998297
193.190.239.19,5.7932282829999995
193.191.129.46,3.9961378460000003
193.191.208.211,2.456408285
193.191.245.224,0.973829883
193.191.245.228,0.9552761205
193.191.245.244,1.4715572205
193.194.140.2,1.511953458
193.194.65.130,0.7679114459999999
193.194.68.29,0.0146191635
193.194.69.102,0.203611685
193.194.69.59,0.14242841757142857
193.194.69.86,0.093607384
193.194.69.98,0.119023851
193.194.71.228,0.603169281
193.194.71.237,0.35639080474999996
193.194.74.14,0.1792292594
193.194.74.74,0.693620094
193.194.78.115,0.053164434
193.194.80.114,0.194070631
193.194.83.126,0.156415885
193.194.83.55,0.16496940400000001
193.194.84.198,0.333487907
193.194.86.165,0.9431462176666666
193.194.86.167,0.47861801175000007
193.194.86.69,0.11573271705882353
193.194.87.103,0.087563016
193.194.87.29,0.36651036600000003
193.194.90.27,0.5991986845
193.194.90.54,1.3363216115
193.194.92.101,0.024814191
193.194.93.215,0.063408303
193.194.93.221,0.40074258871428564
193.194.94.10,0.113810824
193.194.95.131,0.506302258
193.194.95.198,1.695133974
193.195.78.74,0.755889493
193.22.29.105,6.3472739989999996
193.238.142.3,7.693316035
193.239.220.14,2.2396023858
193.239.220.17,3.3104335596666665
193.246.63.245,3.14384567
193.247.16.27,0.805626132
193.252.121.9,1.826317455
193.29.201.234,0.403722463
193.33.133.19,1.261403324
193.34.145.202,0.23342249399999998
193.34.207.74,1.058971701
193.41.67.247,5.692029367000001
193.47.146.135,0.156983925
193.49.174.194,0.661248045
193.51.118.107,0.11192308100000001
193.51.164.193,1.589599016
193.51.164.6,1.94598362725
193.52.104.60,3.259783669
193.61.249.37,6.680987564
193.68.147.133,0.350037948
193.75.212.119,0.441751744
193.85.3.250,0.92183208775
193.9.9.19,0.948947573
193.93.133.82,0.822568258
193.93.134.83,1.2175903935
193.97.137.195,5.079699491333333
194.137.84.93,0.512226964
194.141.104.12,0.562925656
194.141.32.4,0.2560957406666667
194.141.38.24,0.09482857199999999
194.141.40.24,0.10144712
194.141.43.101,0.6027067110000001
194.141.66.149,0.519760139
194.141.8.11,1.528356441
194.141.84.254,0.113871095
194.150.248.66,6.914837969333334
194.150.80.87,0.8284501479999999
194.158.212.11,0.9730562037499999
194.158.217.106,1.568297839
194.167.15.76,6.074276069
194.182.109.106,0.9898563916666666
194.191.86.10,1.102705326
194.199.79.40,0.768329994
194.213.41.227,0.723637808
194.214.239.62,1.1552703640000002
194.226.132.77,1.0461509340000001
194.226.90.2,0.2911454035
194.228.235.232,2.080408475
194.254.145.177,0.075929388
194.32.152.18,1.3722495585714287
194.40.144.142,0.6736349229999999
194.48.206.10,0.9678853209999999
194.48.206.72,0.204384006
194.49.205.90,1.450425632
194.5.111.111,1.3098521724999999
194.5.156.116,4.271332298
194.5.172.160,1.2076408957027023
194.58.31.249,0.844638235
194.60.250.151,1.2231450125714287
194.60.250.152,0.21852305600000002
194.60.250.191,0.19388050199999998
194.60.250.231,0.9285233623333332
194.60.250.249,2.3117095711999998
194.78.118.249,3.8645466269999997
194.78.31.182,0.9444474840000001
194.78.33.106,0.340394507
194.8.60.68,0.503341822
194.89.230.68,1.0828597224999998
194.94.156.251,2.2421531065
195.10.162.102,0.7858622329999999
195.110.25.238,0.11971685216666667
195.113.11.9,3.2311323560000003
195.113.124.12,2.206097365
195.113.148.69,2.7145815730000002
195.113.155.195,0.6728254840000001
195.113.30.210,1.1536048355
195.113.48.16,0.8708076476470589
195.113.56.9,3.859867102
195.113.76.20,0.175938865
195.113.89.91,2.736968165
195.128.225.180,1.708787728
195.130.132.85,2.062231355
195.130.132.86,6.599830999
195.140.52.242,0.133996308
195.144.11.124,7.046624863
195.149.76.2,3.837688462
195.156.69.58,1.181540146
195.157.4.140,3.4018098510000003
195.16.117.252,1.1162953911
195.176.55.2,4.793677531
195.176.55.64,1.057110489
195.182.36.142,0.42338643849999996
195.189.95.69,2.771197883
195.19.50.247,0.260100285
195.191.132.168,0.778302851
195.191.148.59,0.48656165000000007
195.191.148.85,0.243027435
195.191.148.97,1.9476123280000002
195.191.149.33,2.7560791119999997
195.191.149.91,1.1353471795
195.192.130.231,0.7900941640000001
195.197.254.3,1.357739416
195.197.95.171,2.1031181930000002
195.198.209.186,0.27173614199999996
195.2.69.145,0.33681715799999995
195.20.24.7,0.254246164
195.216.228.12,1.082686962
195.220.250.177,1.654064769375
195.231.237.128,1.595483996
195.231.237.96,0.337167206
195.234.237.4,0.040426887
195.236.107.31,0.395332078
195.24.51.90,0.669022563
195.30.121.25,2.2749771030000003
195.34.112.34,0.318581242
195.36.120.110,1.472440134
195.37.209.187,5.39985332
195.48.58.86,4.477369997
195.50.4.142,0.396402133
195.50.4.213,3.263892567
195.50.6.38,0.597519765
195.50.7.5,0.256337515
195.50.7.60,0.310514005
195.50.7.9,0.450855358
195.65.10.26,0.6168589329999999
195.83.167.20,0.479046894
195.88.116.198,1.6200351492857141
195.9.186.92,0.682588522
195.9.76.24,2.783615326
195.93.246.143,0.068096933
195.98.232.89,0.18579854899999998
195.98.248.67,0.335033024
196.20.107.183,0.32798369
196.20.107.97,0.034287742999999996
196.20.110.179,0.332838038
196.201.197.226,0.23834619899999998
196.201.199.146,0.4006703344545455
197.112.0.111,0.6236880863333333
197.112.0.210,0.39550755299999996
197.112.0.226,0.832121531
197.112.0.233,0.905877442
197.112.0.246,0.75590346
197.112.0.67,1.375361843
197.112.0.69,0.38346658874999995
197.149.149.50,0.05793413099999999
197.231.64.110,0.31782889449999996
197.241.32.182,1.0149317863636362
197.241.36.16,0.9897865365999999
197.241.36.21,0.9753316515000001
197.241.36.22,1.1424259799999996
197.242.144.253,0.16854122800000002
197.85.190.103,0.163380825
198.1.81.60,0.165391733
198.1.81.86,0.155979218
198.103.104.61,0.123925135
198.141.6.204,1.1729994865
198.143.169.171,0.22864357600000002
198.161.11.168,0.082860107
198.162.22.110,0.09212537400000001
198.182.170.61,0.1171984465
198.20.117.227,8.925457926
198.41.35.43,0.080622731
198.41.36.203,0.221848555
198.54.120.179,0.240777303
198.57.224.124,0.3730372103333333
198.57.242.9,0.26176982875
198.96.86.202,0.091937314
199.184.145.12,0.436932449
199.184.145.20,0.11818497324999999
199.184.145.201,0.15127792959999997
199.184.145.208,0.24079389666666667
199.188.204.11,0.493197311
199.192.8.2,0.251551022
199.201.89.144,0.23684612800000002
199.213.74.10,0.213353369
199.232.56.144,4.517543899181818
199.232.58.217,1.3430139639999998
199.250.31.39,0.19728020000000002
199.27.70.12,0.29583764710526317
199.34.228.59,0.092983471
199.34.228.74,0.2309249352857143
199.42.15.67,0.375120346
199.68.194.64,0.3875897476666667
2.18.66.147,6.197651206000001
2.18.66.57,0.19826724699999998
2.18.66.67,0.387876696
2.18.66.89,0.246380815
2.22.246.162,2.011769998
2.56.14.76,0.7108330159999999
200.0.148.32,0.069326382
200.10.251.100,0.18391568700000002
200.10.252.100,0.17479610866666664
200.105.132.234,0.31035171699999997
200.105.134.136,0.22308763
200.105.134.18,0.23867783449999996
200.105.138.60,0.5126175820000001
200.105.166.140,0.16121179533333332
200.111.183.19,0.363384806
200.119.110.170,0.32944211
200.12.192.130,0.12513549699999998
200.13.136.41,0.187516866
200.13.232.188,0.15798816
200.14.108.210,0.237248016
200.14.246.210,0.22665779975
200.14.66.170,0.09708322300000001
200.14.70.150,0.05728551900000001
200.2.64.7,0.087248029
200.27.188.116,0.1773637804615385
200.27.200.54,0.194985215
200.27.87.159,0.071743574
200.33.113.80,0.11314169600000001
200.35.156.145,0.081843745
200.54.96.10,0.36057937149999997
200.55.198.228,0.041691325
200.58.110.221,1.3576353380000001
200.58.111.103,0.045477692
200.58.111.58,0.24630526666666666
200.58.116.61,0.3923697935
200.6.53.16,0.043395719000000006
200.69.105.199,0.22292684399999999
200.7.161.59,0.672575349
200.7.173.104,0.0229233035
200.72.242.9,0.1995872545
200.72.249.187,0.061645853
200.73.13.23,0.19673149899999998
200.73.15.44,0.09914939
200.73.47.99,0.14212566472727275
200.75.160.22,0.160903985
200.75.171.15,0.1499131783333333
200.87.133.250,0.5194300589999999
200.87.176.71,0.09279990554166669
200.87.198.210,0.12933580381818183
200.89.74.40,0.3857098225
200.89.76.13,0.41157873799999994
200.89.78.22,0.19286479187500002
200.9.100.67,0.595108748
200.9.100.72,0.320399558
200.9.99.211,0.100453368
200.91.208.167,0.361412153
200.91.225.54,0.1778604285
200.91.27.182,0.330184812
200.93.148.241,0.6932678440000001
201.131.38.40,0.15385249774999998
201.131.41.12,0.054088954
201.150.28.19,0.2776117275
201.245.179.198,0.320025937
202.14.101.173,0.113045676
202.58.231.80,0.146815668
202.59.225.75,0.092327274
202.62.118.46,0.23024995716666666
203.0.174.187,0.046797742875000006
203.112.93.124,0.119997211
203.116.108.133,0.227235787
203.117.96.172,0.08250666400000001
203.12.63.80,0.0756651748
203.137.115.84,0.078445541
203.142.202.51,0.080579413
203.16.41.149,0.096475716
203.170.87.105,0.086097906
203.44.18.45,0.066403592
203.5.206.115,0.024460797000000003
203.52.155.53,0.059867862
204.41.1.239,0.5502236064642858
204.41.1.240,0.484782311
204.41.16.61,0.638799844
204.65.203.80,0.09469548150000001
204.80.59.154,0.095126912
205.200.118.212,0.7535115335
205.207.78.30,2.424170932
206.126.244.150,0.2765778466666667
206.188.193.179,0.623488108
206.191.44.3,0.16933875899999998
206.225.83.57,0.16999645100000002
206.87.224.50,0.173905675
207.157.65.108,0.07330658
207.171.95.204,0.44720156
207.180.215.106,0.280938315
207.180.236.116,0.802899248
208.113.220.174,1.0562126747777778
208.210.219.101,0.080284662
208.70.245.126,0.0892960965
209.132.252.24,0.3874972099999999
209.15.233.10,0.266789674
209.17.116.160,0.42003890200000005
209.240.106.234,1.7300592019999999
209.88.205.168,0.038237148
210.7.3.77,0.061122664625
211.13.204.3,0.123256915
212.1.215.200,0.9191313959999999
212.11.151.70,1.711724606
212.11.151.71,3.1041967825
212.11.152.217,0.8506379620000001
212.120.38.98,1.7213501355
212.121.182.98,0.8604978329999999
212.122.164.79,0.9577198659999999
212.122.177.13,0.653093751
212.122.178.110,0.6809165015
212.122.182.216,2.1135698080000003
212.122.183.34,1.38888882075
212.122.184.119,2.346292432
212.122.184.228,0.8516367760000001
212.122.186.247,0.427387397
212.122.187.36,0.7139861129999999
212.122.187.83,0.783735148
212.123.24.4,3.3143184569999997
212.129.19.128,3.036933036
212.223.74.158,1.28129209
212.24.99.218,5.954548175
212.27.63.100,1.475870995
212.27.63.104,2.913921734666667
212.27.63.105,1.6107410305
212.27.63.107,2.2852653999999997
212.27.63.110,1.526396181
212.27.63.113,1.8931307595
212.27.63.115,2.93845310825
212.27.63.130,0.038126093
212.27.63.132,3.021555375
212.27.63.168,2.091626589
212.40.192.49,0.22055914399999998
212.47.172.161,0.44709228100000004
212.58.249.122,2.268733554
212.72.155.53,1.106836082
212.73.255.225,0.943495358
212.8.235.7,1.114884325
212.84.170.1,0.689993113
212.88.144.44,1.7649532079999999
212.9.185.170,1.7481296069999999
212.94.80.2,1.211117193
212.97.130.113,4.240509102
212.97.131.171,2.489044124
212.98.162.9,0.7918935275000001
212.98.163.3,1.065873178
212.98.163.7,1.151284629
212.98.168.172,1.7384363680000001
212.98.187.3,0.38680038299999997
212.98.96.11,0.534604767
213.129.93.119,2.994578498
213.133.104.56,0.4527702705
213.136.84.163,2.261342692
213.157.206.35,1.907069639
213.174.68.27,1.301280935
213.178.170.102,3.0936854510000003
213.179.181.44,0.5303993602
213.182.146.5,1.657540512
213.183.30.66,1.55627655
213.186.33.16,0.852446301
213.186.33.17,2.0440804175
213.186.33.19,3.9599959871249997
213.186.33.2,6.525775883
213.186.33.24,4.213772442
213.186.33.40,6.253010884
213.186.33.85,2.1634745584
213.186.33.87,4.825155138
213.188.172.77,0.46749234071428575
213.221.233.82,0.289815873
213.221.45.163,0.322924406
213.226.35.72,1.9274215119999998
213.226.44.86,0.762478602125
213.246.37.162,0.974372302
213.246.49.127,1.4645195219999998
213.32.79.106,5.701625217736843
213.91.151.11,0.7296746120000001
213.95.215.11,0.21586986600000002
216.194.164.10,0.30441324122222224
216.194.171.150,0.739419029
216.201.102.72,0.6743457709999999
216.55.181.132,0.8503729870000001
216.55.185.46,0.3027420595714286
217.11.235.97,0.185228245
217.11.249.141,0.451197444
217.113.2.2,0.300803175
217.114.91.128,0.524384215
217.116.232.209,0.17533066100000003
217.145.56.19,3.000879722
217.147.225.150,0.265350254
217.147.225.203,0.498264327
217.147.227.220,1.0412197105
217.147.235.129,0.140749974
217.147.235.82,0.9696825856666668
217.147.235.83,0.47502948575
217.147.239.172,0.297410901
217.147.239.38,1.5247513784999998
217.16.187.13,0.327428292
217.160.0.105,7.979697106000001
217.160.0.149,7.325380901
217.160.0.154,2.6607122430000003
217.160.0.162,3.070688213
217.160.0.187,1.472807548
217.160.0.241,3.1025849560000003
217.160.0.248,1.166692938
217.160.0.75,3.653824447
217.160.0.8,8.539997537
217.197.152.250,3.2171099069999998
217.198.115.28,5.631114294
217.198.122.136,0.391985564
217.199.1.33,1.225859345
217.199.187.64,0.756003678
217.21.43.28,1.3821331253333333
217.21.43.3,1.1853415291739133
217.21.43.36,0.6076427504999999
217.21.43.52,0.77612622
217.21.43.56,2.037121113
217.26.52.51,0.907158554
217.26.52.52,1.804445616
217.26.52.6,0.6670748710000001
217.26.53.207,2.380018266
217.26.53.34,1.030466327
217.26.54.29,0.39375320799999997
217.26.55.223,1.414095497
217.26.60.118,1.6972467390000001
217.69.26.236,2.4698799680000003
217.70.180.150,0.883892242
217.9.49.21,0.20414559399999999
219.118.222.227,0.173410037
23.100.15.180,1.204161185
23.100.56.27,5.193523183
23.101.119.44,0.292887517
23.101.233.170,0.341351484
23.101.63.214,2.267530452
23.111.9.67,2.0423700069999997
23.185.0.2,1.3168992805
23.185.0.3,0.5139455946666667
23.235.209.72,0.243811778
23.253.193.206,0.5363175790833333
23.36.211.221,1.0913234579117648
23.36.211.60,7.305566562
23.36.211.92,3.1571072960000004
23.36.212.216,0.165767111
23.36.213.208,0.920703004
23.36.220.193,3.5185057124999997
23.43.26.226,4.035803550813952
23.43.28.62,1.5064886690000001
23.64.25.33,4.006923141000001
23.64.37.42,0.3705016945714286
23.96.13.243,0.5260678185000001
23.97.214.177,4.205102951000001
27.124.120.1,0.525457181
27.33.3.82,0.8047155359999999
3.106.171.51,0.04424547
3.16.220.127,0.3285604953333333
3.210.30.49,0.21871011599999998
3.223.139.101,1.3143673809999998
3.9.113.31,3.3532732889999997
31.13.130.195,0.5718407943333333
31.13.228.35,0.397660216
31.130.206.55,0.7575743909999999
31.130.206.96,1.9855366280000002
31.130.207.27,0.661942281
31.15.10.13,1.56028198
31.15.27.21,1.5230416690000002
31.15.27.86,4.7311005543333335
31.170.123.199,8.0132448365
31.170.123.253,2.018060599
31.170.236.84,0.10604578092000003
31.193.179.142,0.8715165549999999
31.217.196.210,2.571014134
31.220.17.32,0.6301573174999999
31.31.196.228,2.198701603
31.31.74.127,0.214168605
31.31.79.47,5.6028298329999995
34.192.69.147,0.20419901399999998
34.194.167.106,0.270840935
34.202.90.151,0.226538601
34.237.253.20,0.187276487
34.240.85.39,3.129179621
34.249.254.122,3.0004370055000003
34.251.62.139,0.909052227
34.73.132.53,1.0736940760000002
34.89.169.66,2.2128822735
34.90.225.125,8.398813611
34.98.117.176,6.622421411666667
34.98.76.49,3.0879121339999998
35.176.136.152,0.67253805
35.185.72.209,1.033926016
35.187.168.7,6.087117033750001
35.189.107.84,5.154060164
35.192.107.143,0.209092416
35.195.203.124,2.151709116
35.196.126.153,0.259635012
35.197.255.184,6.495287981666666
35.199.144.62,1.757138979
35.203.122.111,0.283188775
35.208.100.169,0.249594273
35.208.227.204,0.2443474865
35.209.223.92,0.4182906455
35.226.139.234,1.388010313
35.227.166.44,0.17329243100000002
35.227.90.163,2.1649586380000003
35.228.168.75,2.136314985
35.229.108.45,1.4434575180000002
37.139.112.94,0.38606310699999996
37.148.181.114,4.387988668999999
37.187.144.176,0.8096783695
37.187.168.68,1.41146784
37.187.35.182,3.056473482142857
37.218.255.128,1.620850849
37.235.89.97,3.7055087425
37.46.104.73,0.286175762
37.46.105.16,0.13905457
37.71.36.167,0.23497612
37.97.131.155,1.087163798
37.97.189.177,5.221412043
40.113.136.240,2.755310595833334
40.121.130.6,0.779694709
40.67.254.100,0.414477869
40.68.148.255,3.308830252
40.68.162.45,0.843564028
40.71.204.4,0.6520462816666667
40.87.158.63,1.782151691
41.189.224.134,0.8726250566551725
41.221.27.114,1.0586345838000002
41.63.161.27,0.1637415745
42.61.47.40,0.0875957135
43.245.43.77,0.26512761
45.112.225.209,0.065034329
45.231.184.221,0.259446242
45.33.11.56,0.288566342
45.33.122.159,0.39090518799999996
45.5.13.100,0.161492372
45.5.164.20,0.24534161200000001
45.56.109.130,0.270069088
45.60.13.156,7.221348879
45.60.133.101,0.583957848
45.60.197.154,0.244405647
45.60.33.225,0.3905886636666666
45.60.34.199,0.092398895
45.60.34.243,1.176838385
45.60.46.222,0.461957089
45.60.47.218,0.17157700257894734
45.60.64.250,0.197100313
45.60.78.108,0.5257057047
45.60.78.71,5.626595496666667
45.63.94.214,0.572842724
45.8.38.241,0.25929540733333334
46.10.150.128,0.5819737220000001
46.10.156.13,1.2914821625
46.105.104.51,1.806189112
46.105.198.39,0.42318511200000003
46.105.202.193,0.7050806255
46.105.37.15,1.020560118
46.140.183.210,1.229859684
46.18.194.181,10.50972254
46.19.96.204,0.216879614
46.216.181.41,2.494095006
46.227.16.148,3.5634481669999998
46.243.125.105,1.060637719
46.243.125.96,0.7411517225
46.252.18.159,4.020392818
46.253.241.136,4.968875504
46.254.20.33,1.888554523
46.28.105.79,0.57276138
46.28.110.90,0.78928094
46.28.249.175,1.192952413
46.29.125.55,1.6116277030000001
46.30.213.199,0.851232139
46.30.213.249,0.778419031
46.30.213.250,1.0127358203333334
46.30.215.1,1.267233359
46.30.215.142,1.071546417
46.30.215.177,1.202747408
46.30.215.183,2.420925922
46.30.215.2,0.947698426
46.30.215.242,4.63312851
46.30.215.83,1.049556219
46.30.215.86,1.835741726
46.30.60.45,3.0652378560000004
46.31.153.120,0.486769738
46.51.178.240,1.064182699
47.63.25.196,0.680344614
49.212.207.19,0.22745427899999998
5.100.152.26,1.2675874045
5.101.152.177,4.850355717
5.101.153.40,0.9931283115
5.133.13.104,0.387825539
5.134.4.112,3.4570017065
5.135.254.56,1.126259873
5.159.20.8,0.264424428
5.175.14.76,0.061569517000000004
5.179.85.159,0.9338320664444445
5.179.85.163,0.746491928
5.181.254.236,3.4197263560000004
5.182.248.148,0.6219712156666667
5.189.168.236,0.6945106815
5.189.180.129,0.8722630020000001
5.250.162.187,2.5084246064999998
5.35.225.128,0.396943657
5.44.128.32,1.298633575
5.44.128.75,0.37006889833333334
5.79.65.135,0.461180141
50.116.92.106,0.22729919514285715
50.28.76.25,0.45666139200000005
50.31.233.227,0.9146676909999999
50.62.228.30,0.4146247245
50.87.176.179,0.053985874
50.87.211.62,0.28977021
50.87.248.116,0.3045925075
51.11.17.97,1.244459191
51.144.107.53,3.4018925610000004
51.144.7.192,1.921671175
51.38.51.3,1.652730562
51.68.205.182,4.141762368375
51.68.228.163,8.638363707
51.75.103.231,0.08563397800000001
51.83.121.123,4.3416168299999995
51.89.52.161,0.607052711
51.91.104.141,2.457669578
51.91.15.135,6.190960253999999
52.142.216.110,0.5586014979999999
52.151.225.77,0.15778325199999998
52.164.251.228,0.562322574
52.174.106.15,0.48152068200000003
52.177.202.136,0.40209896799999995
52.179.188.206,0.036893772000000005
52.187.198.132,0.218946241
52.19.188.14,2.170687855666667
52.2.159.204,0.6660023829
52.201.26.242,0.318523478
52.202.69.200,0.3409164298000001
52.210.136.115,0.508120216
52.211.185.241,2.7629649709999997
52.213.217.90,5.473820058
52.218.100.180,4.166746275
52.221.138.239,0.3613312335
52.234.209.94,0.3577914926666666
52.234.210.38,0.301446718
52.237.217.105,0.27416232
52.237.36.159,0.33279013399999996
52.28.236.0,1.4423392385
52.29.162.106,2.301096184
52.31.62.212,1.659932699
52.32.130.190,0.256859568
52.50.66.202,12.88702387
52.51.141.109,3.1296753139999995
52.62.19.50,0.1724201975
52.7.201.42,0.3683692283333333
52.73.14.154,0.35467709000000003
52.85.104.74,4.861258058
52.85.104.77,2.0280476794999998
52.85.104.85,1.272848548
52.85.104.89,0.865793956
52.85.142.101,0.1984561566666667
52.85.142.102,0.287303102
52.85.142.122,0.292100911
52.85.142.2,2.21160478475
52.85.142.43,0.275175756
52.85.142.47,0.33708709233333334
52.85.142.6,0.268422545
52.85.142.68,0.33906058200000005
52.85.142.7,3.76352377175
52.85.142.86,0.044037332
52.85.142.87,0.24426113700000002
54.165.114.105,0.25535405699999997
54.175.12.35,0.32653438373529414
54.192.137.128,0.114483318
54.192.137.15,0.28235081100000003
54.192.137.21,0.35071022900000004
54.192.137.28,0.228062971
54.192.137.29,0.365987599
54.192.137.32,0.31335994166666664
54.192.137.4,1.300627866
54.192.137.47,0.19307592175
54.192.137.53,0.34653392288888896
54.192.137.67,0.2212075685
54.192.137.85,0.11419834300000001
54.192.137.88,0.095893689
54.192.137.97,0.13724358
54.217.205.226,1.540059913333333
54.228.232.122,2.323029353408603
54.37.171.103,0.486640258
54.68.1.104,0.17337704433333334
54.72.54.118,3.4228305960000003
54.76.136.188,2.88456015
54.76.77.123,6.45822603
54.77.43.221,4.386798136
54.77.66.78,3.819031278
54.84.191.109,0.833430595
54.85.222.101,0.214172928
57.79.15.9,0.5425104384230771
59.106.13.135,0.22721307585714284
62.105.165.38,0.891339323
62.144.82.183,4.804012686
62.152.88.148,0.418619992
62.164.189.250,1.2886945490000001
62.204.224.70,2.9152295335
62.209.228.139,0.567048278
62.213.199.139,2.0699837925
62.213.210.176,1.074168016
62.214.1.130,0.6796291640000001
62.245.182.31,0.076701898
62.252.103.68,1.075572027
64.147.87.234,0.1443288085
64.147.91.185,0.754176805
64.150.190.149,0.2480222815
64.76.175.11,0.161245578
64.91.248.132,2.639940214
66.155.75.210,11.03651695
66.96.147.117,0.45395193399999995
67.20.113.97,0.078945032
67.207.75.112,3.794502467
67.209.123.4,0.10652414959999998
67.210.244.162,0.55592707
67.222.37.129,0.330227334
67.225.162.183,0.296993728
67.225.176.139,0.32216949300000003
67.227.186.64,0.40085659100000004
67.26.42.112,4.66373065
67.43.13.29,0.344455104
68.235.57.250,1.506067338
68.66.200.204,2.087606151
68.66.216.57,1.24667145
68.66.216.9,0.524039809
69.12.74.28,0.191480995
69.16.250.68,0.8124566854999999
69.163.200.148,0.184550043
69.17.205.206,0.37789272349999997
69.17.215.229,0.142276651
69.27.124.220,0.3250534215
69.46.110.249,0.310236775
69.49.101.57,0.18645591
69.64.91.174,0.1268149455
69.73.231.132,0.2808840356666667
70.32.79.241,0.422417821
70.32.89.166,1.49864729575
72.246.149.239,4.955830647
72.29.67.154,0.053443065
72.29.75.7,0.608288841
72.52.216.157,0.059461057000000005
74.124.202.80,0.1274998905
74.208.236.251,0.46365344700000005
77.104.159.92,0.763002785
77.104.178.228,0.17064094877272723
77.108.81.243,0.8379636509999999
77.111.240.124,0.825284027
77.111.240.168,0.967425887
77.111.240.39,0.675171398
77.111.240.44,2.1809578634999998
77.158.88.132,0.269428055
77.159.252.140,1.657854816153846
77.159.252.145,0.8469817740000001
77.221.234.113,2.4696613755000003
77.222.61.7,0.903713353
77.240.19.8,0.45909993299999996
77.247.73.60,2.3969647955
77.66.60.18,0.6696597365
77.72.56.8,0.575023002
77.74.234.204,1.2339497005
77.75.112.196,0.9839254959999999
77.77.47.222,0.671447041
77.78.109.151,0.9965446469999999
77.93.195.231,1.037891753
77.93.219.2,0.5222548
78.128.204.173,3.21956818
78.130.151.202,0.47424273200000006
78.46.87.43,0.44141423
78.47.106.7,0.82314017
78.83.209.239,0.5747794709999999
78.90.206.186,0.9786776290000001
78.90.247.10,0.41038694475
79.106.102.54,0.08729121000000001
79.133.45.235,0.9937028316666666
79.174.128.210,3.692962333
79.174.131.56,0.59208005
79.98.104.12,0.454369569
8.14.136.111,0.35194578200000004
8.238.46.124,0.568644788
8.43.96.15,0.48930691449999997
80.150.6.143,1.4034314190000001
80.158.12.111,0.531692749
80.188.15.110,0.7791076929999999
80.227.40.39,0.12490529233333335
80.241.242.127,0.5724122536666667
80.246.0.10,2.530291766
80.246.1.129,1.6202603344
80.246.1.140,0.5268567322000001
80.248.241.11,2.769738877
80.250.167.50,1.8904735119999998
80.255.98.8,1.26712094
80.64.57.246,2.292455594
80.69.172.128,1.056126882
80.69.172.160,2.91692334
80.74.145.170,0.593003033
80.74.148.70,1.03482294
80.74.154.100,4.783018811
80.75.66.219,1.5532059009999999
80.77.24.228,4.803439866333334
80.78.248.151,0.24955971999999998
80.78.66.80,0.26067110600000004
80.83.6.120,2.152077529
80.87.236.14,1.5450530645
80.94.160.6,0.6058599139999999
80.94.164.180,0.218780707
80.94.224.227,0.132452722
81.161.240.3,0.542700913
81.161.252.16,0.184033132
81.169.145.105,4.268806547
81.169.145.91,4.416720210499999
81.17.196.251,0.596697507
81.176.70.2,0.12692082966666665
81.177.135.193,1.987772721
81.18.21.42,1.129036985
81.19.116.171,1.327627154
81.19.215.88,7.363526293
81.2.195.214,0.533503465
81.2.216.67,3.249316252
81.2.216.74,1.070025976
81.22.173.234,1.468125961
81.221.254.5,1.872045332
81.246.12.35,0.7886894520000001
81.246.77.185,2.421804325
81.7.160.212,0.220005192
81.88.48.95,1.1963356153333333
81.91.208.8,1.8781573489999999
81.95.110.57,1.9380044419999998
81.95.122.243,2.565928924
81.95.242.148,1.689407515
81.95.96.134,0.493339641
81.95.98.218,2.465459762
82.100.195.10,0.174675583
82.118.225.71,1.151567343
82.119.92.245,0.6342821263333334
82.146.21.207,0.678136709
82.146.44.217,0.13367646
82.147.134.102,0.617420554
82.192.79.248,7.4427392999999995
82.197.162.21,0.119959935
82.202.189.118,0.921881223
82.202.189.138,0.546647342
82.208.18.142,4.49086712
82.208.7.28,0.838929334
82.209.241.130,0.6094138495
82.209.242.50,1.4341002980000002
82.211.160.183,0.27131067
82.220.91.174,1.063854586
82.97.165.211,1.30447094
82.99.180.77,1.344679221
83.138.174.47,1.7043262030000002
83.143.2.157,0.7749618140000001
83.143.220.147,0.765399442
83.145.235.51,4.89999567
83.150.67.98,1.3941678780000002
83.150.67.99,0.686615275
83.166.138.2,4.382341369
83.166.138.25,0.464258392
83.166.138.8,3.720003194
83.217.64.28,0.52140096
83.217.70.125,0.773555597
83.217.75.92,8.43074343
83.223.118.140,2.643143334
83.229.254.41,0.186742598
83.69.196.164,0.9248090640000001
83.96.253.238,1.5875253530000002
84.22.111.64,2.873339803
84.22.166.238,3.985521612
84.238.167.109,1.330344809
85.117.32.180,0.197768555
85.117.32.246,0.48902241700000004
85.117.34.141,0.558516165
85.117.34.7,0.519542536
85.119.185.128,1.274322325
85.129.91.100,0.668432551
85.13.151.126,1.203263097
85.14.37.47,0.29943070149999995
85.158.224.57,0.51629398475
85.187.181.51,0.8120488090000001
85.193.69.29,0.83835566475
85.196.164.46,1.7955306983333335
85.207.99.20,1.634262659
85.214.115.39,2.1631950580000003
85.214.158.196,1.317959142
85.234.128.137,6.5553851309999995
85.235.243.20,0.084024264
85.255.199.142,1.1213566240000001
85.88.55.46,1.3881017009999999
86.57.135.9,0.194204247
87.106.8.1,0.42322122799999995
87.118.140.75,0.274902384
87.121.161.40,1.469743072
87.236.16.208,1.005605031
87.236.16.217,1.250403452
87.236.16.22,3.334951343
87.236.16.225,1.128618838
87.236.16.82,0.459539249
87.239.122.16,0.41421839899999996
87.242.73.97,0.697685488
87.246.78.204,1.856528821
87.252.2.11,2.4776351855
87.98.154.146,1.958489875
87.98.183.129,1.821203865
88.198.245.202,0.131670588
88.208.91.16,2.804317405
88.221.135.41,0.2347016455
88.221.135.42,0.239528292
88.221.181.202,3.483373212
88.86.120.22,2.511562667333333
89.111.76.144,0.06613596
89.16.163.60,0.641277939
89.184.155.92,2.7022192439999997
89.185.240.141,0.47782915299999995
89.187.150.149,0.490156427
89.188.76.228,3.6902154910000005
89.233.149.47,0.317496508
89.30.106.41,2.798173617
89.31.143.100,2.0536893525
90.84.46.40,0.791646427
91.102.137.13,4.7114059180000005
91.102.88.49,1.3778200335
91.103.27.69,0.204479277
91.105.243.113,5.863901997
91.107.66.166,0.240538067
91.121.122.179,0.9916751005
91.121.2.71,7.215536744
91.134.219.6,3.056365527
91.135.72.16,0.965493267
91.143.80.41,0.61525563075
91.193.138.229,0.5276193896666667
91.193.20.133,0.192364488
91.195.106.128,0.222947691
91.195.106.171,0.439935801
91.196.124.22,1.108296463
91.198.168.191,0.206430582
91.202.43.132,0.716317645
91.203.32.221,2.886626052
91.204.44.152,1.533991179
91.205.149.205,4.084509714
91.208.143.1,0.634336955
91.208.180.148,0.575527391
91.209.131.103,0.13671038900000002
91.209.146.24,0.24606011400000002
91.209.146.25,0.590190449
91.210.88.69,0.24047353
91.212.213.13,0.622404341125
91.212.213.29,2.5663330319999997
91.212.213.36,1.575233462
91.212.213.42,5.498247492000001
91.214.159.18,0.407202035
91.214.192.169,0.8927004159999999
91.215.37.238,0.98971842
91.223.107.77,0.5658203119999999
91.223.244.120,0.08960212699999999
91.224.26.188,1.613690954
91.227.204.35,1.108656258
91.230.192.249,4.168730762
91.230.192.53,1.9130658219999999
91.230.195.136,1.242345727166667
91.230.195.5,0.523012826
91.230.230.253,0.8639457015
91.233.84.65,0.79016524
91.236.122.136,9.512783575
91.236.122.29,9.128776533
91.238.81.24,0.576338252
91.239.201.15,1.3033599021666669
91.239.201.16,0.6574089955
91.239.206.16,1.665473556
91.239.206.17,0.16005872785714284
91.239.206.41,0.108480025
91.239.207.32,0.082752379
91.239.207.46,0.13083866800000002
91.240.87.226,0.693296208
91.90.223.201,0.541215793
92.103.133.38,0.7155948459999999
92.123.198.79,5.620783829
92.223.99.99,2.380540841
92.241.65.246,0.574621854
92.38.6.11,0.514775203
92.43.216.124,1.180663346
92.51.96.173,0.826900014
92.53.68.203,3.7721873169999998
92.53.96.130,0.6888458959999999
92.53.96.232,6.534649821
92.53.96.243,1.5071381330000002
93.125.30.55,1.04492163
93.125.48.14,0.43097111899999996
93.125.53.132,2.630076264
93.125.75.64,1.2446557431999998
93.125.99.119,2.1581269985000002
93.125.99.123,4.402114293
93.125.99.125,0.5543257345
93.125.99.126,3.433847727
93.125.99.128,1.8133714369999998
93.125.99.43,1.2601097843333333
93.125.99.46,1.9335955409999999
93.125.99.54,0.7084436620000001
93.125.99.56,2.171132276
93.125.99.59,4.336559106
93.125.99.61,0.772122936888889
93.125.99.75,2.833053511
93.125.99.78,3.788943255
93.125.99.79,3.9468049489999997
93.125.99.85,3.3295762069999997
93.125.99.86,0.474191695
93.125.99.87,0.7705440570000001
93.155.203.49,1.8401807719999999
93.176.71.19,1.4405152769999998
93.184.132.202,0.645933961
93.184.133.124,4.164603283
93.185.100.63,1.469311735
93.185.110.34,0.49544724799999995
93.191.133.186,6.692119411
93.191.156.5,1.7859307969999998
93.191.156.88,0.7711979816
93.191.166.239,4.214004841
93.84.119.243,0.646823779
93.84.119.244,0.38706004699999996
93.85.92.26,0.729971956
93.94.107.214,0.29254246
94.103.96.172,0.669381082
94.126.16.60,1.723008145
94.126.168.66,0.093040285
94.126.17.200,1.149186192
94.126.18.120,1.59217772
94.126.19.45,6.7983390770000005
94.130.137.154,0.345436395
94.130.230.57,6.849727851
94.156.102.153,1.564268029
94.176.99.142,1.4161380575
94.199.58.224,2.2351795830000003
94.23.216.113,3.7432930719999997
94.231.103.117,0.49959255
94.231.103.80,0.593092297
94.231.108.240,1.294408158
94.231.108.37,0.6030621254999999
94.231.109.18,1.967392588
94.231.109.9,1.591966322
94.231.109.99,0.293119758
94.237.112.158,2.612426875
94.237.86.182,4.226566173999999
94.43.61.153,0.063910863
95.101.143.34,2.232375897
95.101.248.77,0.081801987
95.131.199.38,1.4809646890000001
95.168.201.103,2.820781057
95.168.204.73,0.40264032
95.173.136.172,1.4561314296666665
95.173.136.173,1.6849049170000001
95.173.136.174,1.496074034
95.173.136.79,0.6182368895
95.214.62.223,0.21488562600000002
95.216.225.7,2.512081291
95.217.107.11,0.45427454700000003
95.43.206.163,0.8240749089999999
95.80.214.220,0.642298197
96.30.36.172,0.5749617193125
96.69.15.179,0.219617068
98.179.157.103,0.24036642600000002
99.86.116.107,12.57374306
99.86.116.29,5.882597815
99.86.116.41,2.599614254
99.86.116.6,4.2653472
